username,summary,storyline
47metersdown,Four teen girls diving in a ruined underwater city quickly learn they've entered the territory of the deadliest shark species in the claustrophobic labyrinth of submerged caves.,"47 Meters Down: Uncaged follows the diving adventure of four teenage girls (Sophie Nélisse, Corinne Foxx, Brianne Tju and Sistine Stallone) exploring a submerged Mayan City. Once inside, their rush of excitement turns into a jolt of terror as they discover the sunken ruins are a hunting ground for deadly Great White Sharks. With their air supply steadily dwindling, the friends must navigate the underwater labyrinth of claustrophobic caves and eerie tunnels in search of a way out of their watery hell.
Written by
Entertainment Studios Motion Pictures"
adogsjourneymovie,A dog finds the meaning of his own existence through the lives of the humans he meets.,A dog finds the meaning of his own existence through the lives of the humans he meets.
aftermathmovie,"Post World War II, a British colonel and his wife are assigned to live in Hamburg during the post-war reconstruction, but tensions arise with the German who previously owned the house.","Set in postwar Germany in 1946, Rachael Morgan (Keira Knightley) arrives in the ruins of Hamburg in the bitter winter, to be reunited with her husband Lewis (Jason Clarke), a British colonel charged with rebuilding the shattered city. But as they set off for their new home, Rachael is stunned to discover that Lewis has made an unexpected decision: They will be sharing the grand house with its previous owners, a German widower (Alexander Skarsgård) and his troubled daughter. In this charged atmosphere, enmity and grief give way to passion and betrayal.
Written by
Fox Searchlight Pictures"
aftermovie,A young woman falls for a guy with a dark secret and the two embark on a rocky relationship. Based on the novel by Anna Todd.,"Based on Anna Todd's novel, AFTER follows Tessa (Langford), a dedicated student, dutiful daughter and loyal girlfriend to her high school sweetheart, as she enters her first semester in college. Armed with grand ambitions for her future, her guarded world opens up when she meets the dark and mysterious Hardin Scott (Tiffin), a magnetic, brooding rebel who makes her question all she thought she knew about herself and what she wants out of life.
Written by
Aviron Pictures"
alitamovie,"A deactivated cyborg is revived, but cannot remember anything of her past life and goes on a quest to find out who she is.","Alita is a creation from an age of despair. Found by the mysterious Dr. Ido while trolling for cyborg parts, Alita becomes a lethal, dangerous being. She cannot remember who she is, or where she came from. But to Dr. Ido, the truth is all too clear. She is the one being who can break the cycle of death and destruction left behind from Tiphares. But to accomplish her true purpose, she must fight and kill. And that is where Alita's true significance comes to bear. She is an angel from heaven. She is an angel of death.
Written by
Anthony Harmon"
amazinggracemov,"A documentary presenting Aretha Franklin with choir at the New Bethel Baptist Church in Watts, Los Angeles in January 1972.","A documentary presenting Aretha Franklin with choir at the New Bethel Baptist Church in Watts, Los Angeles in January 1972."
angelhasfallen,Secret Service Agent Mike Banning is framed for the attempted assassination of the President and must evade his own agency and the FBI as he tries to uncover the real threat.,"After the events in the previous film, Secret Service agent Mike Banning finds himself framed for an assassination attempt on the President. Pursued by his own agency and the FBI, Banning races to clear his name and uncover the real terrorist threat which has set its sights on Air Force One.
Written by
dj_priba"
angrybirdsmovie,The flightless birds and scheming green pigs take their feud to the next level.,"After saving Bird Island from an all-out green-pig invasion in Angry Birds (2016), the isle's always cranky local hero, Red, still finds himself doing battle with Pig Island. As the prank war between pigs and birds is raging, massive icy projectiles coming from the feathery tyrant Zeta's ice-capped Eagle Island threaten the security of both havens, unless Red and King Leonard agree to form a difficult but honest truce. Now, Red, Bomb, Mighty Eagle, Chuck, and his brilliant sister, Silver, have to join forces with Leonard's mighty porcine team to thwart the megalomaniac Zeta's bold schemes for world domination. However, is Red capable of change?
Written by
Nick Riganas"
annabellemovie,"While babysitting the daughter of Ed and Lorraine Warren, a teenager and her friend unknowingly awaken an evil spirit trapped in a doll.","Determined to keep Annabelle from wreaking more havoc, demonologists Ed and Lorraine Warren bring the possessed doll to the locked artifacts room in their home, placing her ""safely"" behind sacred glass and enlisting a priest's holy blessing. But an unholy night of horror awaits as Annabelle awakens the evil spirits in the room, who all set their sights on a new target--the Warrens' ten-year-old daughter, Judy, and her friends.
Written by
Warner Bros. Pictures"
annamovie,Beneath Anna Poliatova's striking beauty lies a secret that will unleash her indelible strength and skill to become one of the world's most feared government assassins.,Beneath Anna Poliatova's striking beauty lies a secret that will unleash her indelible strength and skill to become one of the world's most feared government assassins.
apollo11movie,A look at the Apollo 11 mission to land on the moon led by commander Neil Armstrong and pilots Buzz Aldrin and Michael Collins.,A look at the Apollo 11 mission to land on the moon led by commander Neil Armstrong and pilots Buzz Aldrin and Michael Collins.
arcticmovie,A man stranded in the Arctic after a plane crash must decide whether to remain in the relative safety of his makeshift camp or to embark on a deadly trek through the unknown.,"A man stranded in the Arctic after a plane crash must decide whether to remain in the relative safety of his makeshift camp or to embark on a deadly trek through the unknown in hopes of making it out alive.
Written by
Bleecker Street"
artofracingmovie,"Through his bond with his owner, aspiring Formula One race car driver Denny, golden retriever Enzo learns that the techniques needed on the racetrack can also be used to successfully navigate the journey of life.","Dog lovers believe their canine family members understand language, comprehend events, have opinions, exude loyalty. In ""The Art of Racing In The Rain"", wise old dog Enzo Swift shares thoughts about the life experiences which prepared him to protect his family in times of greatest need."
avengers,"After the devastating events of Avengers: Infinity War (2018), the universe is in ruins. With the help of remaining allies, the Avengers assemble once more in order to reverse Thanos' actions and restore balance to the universe.","After the devastating events of Avengers: Infinity War (2018), the universe is in ruins due to the efforts of the Mad Titan, Thanos. With the help of remaining allies, the Avengers must assemble once more in order to undo Thanos's actions and undo the chaos to the universe, no matter what consequences may be in store, and no matter who they face..."
beachbummovie,A rebellious stoner named Moondog lives life by his own rules.,A rebellious stoner named Moondog lives life by his own rules.
bernadettefilm,A loving mom becomes compelled to reconnect with her creative passions after years of sacrificing herself for her family. Her leap of faith takes her on an epic adventure that jump-starts her life and leads to her triumphant rediscovery.,"Based on the runaway bestseller, Where'd You Go, Bernadette is an inspiring comedy about Bernadette Fox ""Academy Award winner Cate Blanchett"", a loving mom who becomes compelled to reconnect with her creative passions after years of sacrificing herself for her family. Bernadette's leap of faith takes her on an epic adventure that jump-starts her life and leads to her triumphant rediscovery.
Written by
Annapurna Pictures"
birdsofpassagemovie,"During the marijuana bonanza, a violent decade that saw the origins of drug trafficking in Colombia, Rapayet and his indigenous family get involved in a war to control the business that ends up destroying their lives and their culture.","During the marijuana bonanza, a violent decade that saw the origins of drug trafficking in Colombia, Rapayet and his indigenous family get involved in a war to control the business that ends up destroying their lives and their culture."
blindedbythelightmovie,"In England in 1987, a teenager from an Asian family learns to live his life, understand his family and find his own voice through the music of American rock star Bruce Springsteen.","In 1987 Britain, Javed Khan is a British-Pakistani college arts student in Luton in a family with a domineering father. Depressed by his oppressive family life and feeling he has no future in a hostile community, a newfound friend introduces Javed to the music of Bruce Springsteen. Touched by the rock star's powerfully eloquent affinity of his own feelings, Javed is inspired to reach out for his own dreams with his own talents. However, although Javed finds friends he never expected in this personal quest, he also finds himself butting heads with his newly unemployed father who stubbornly refuses to understand his son's new aspirations. In this conflict of values in a troubled time, Javed must decide what is truly important to him while his family struggles to understand what has changed and what remains with a new generation feeling born to run.
Written by
Kenneth Chisholm (kchishol@rogers.com)"
bodyatbrightonrock,A park ranger spends the night guarding a potential crime scene on a remote mountain trail.,"Wendy, a part-time summer employee at a mountainous state park, takes on a rough trail assignment at the end of the season, trying to prove to her friends that she's capable enough to do the job. When she takes a wrong turn and ends up deep in the backcountry, she stumbles upon what might be a potential crime scene. Stuck with no communication after losing her radio and with orders to guard the site, Wendy must fight the urge to run and do the harder job of staying put - spending the night deep in the wilderness, facing down her worst fears and proving to everyone - including herself - that she's made of stronger stuff than they think she is."
booksmart,"On the eve of their high school graduation, two academic superstars and best friends realize they should have worked less and played more. Determined not to fall short of their peers, the girls try to cram four years of fun into one night.","On the eve of their high school graduation, two academic superstars and best friends realize they should have worked less and played more. Determined not to fall short of their peers, the girls try to cram four years of fun into one night."
breakthroughmovie,"When her 14-year-old son drowns in a lake, a faithful mother prays for him to come back from the brink of death and be healed.","When he was 14, Smith drowned in Lake Saint Louis and was dead for nearly an hour. According to reports at the time, CPR was performed 27 minutes to no avail. Then the youth's mother, Joyce Smith, entered the room, praying loudly. Suddenly, there was a pulse, and Smith came around."
brianbanksmovie,"A football player's dreams to play in the NFL are halted when he is wrongly convicted and sent to prison. Years later, he fights to clear his name within an unjust system.","The inspirational true story of Brian Banks (Aldis Hodge), an All-American high school football star committed to USC who finds his life upended when he is wrongly convicted of a crime he didn't commit. Despite lack of evidence, Banks is railroaded through a broken justice system and sentenced to a decade of prison and probation. Years later, with the support of Justin Brooks (Greg Kinnear) and the California Innocence Project, Banks fights to reclaim his life and fulfill his dreams of playing in the NFL.
Written by
Bleecker Street"
brightburnmovie,"What if a child from another world crash-landed on Earth, but instead of becoming a hero to mankind, he proved to be something far more sinister?","What if a child from another world crash-landed on Earth, but instead of becoming a hero to mankind, he proved to be something far more sinister?"
brittanyrunsmov,A young woman decides to make positive changes in her life by training for the New York City Marathon.,"Hilarious, outgoing and always up for a good time, New Yorker Brittany Forgleris everybody's best friend -- except maybe her own. At 27, her hard-partying ways, chronic underemployment and toxic relationships are catching up with her, but when she stops by a new doctor's office to try to score some Adderall, she gets slapped with a prescription she never wanted: Get healthy. Too broke for a gym and too proud to ask for help, Brit is at a loss, until her seemingly together neighbor Catherine pushes her to lace up her Converse sneakers and run one sweaty block. The next day, she runs two. And soon, after finishing her first mile, she sets an almost unthinkable goal: running in the New York City Marathon."
captainmarvelofficial,Carol Danvers becomes one of the universe's most powerful heroes when Earth is caught in the middle of a galactic war between two alien races.,"After crashing an experimental aircraft, Air Force pilot Carol Danvers is discovered by the Kree and trained as a member of the elite Starforce Military under the command of her mentor Yon-Rogg. Six years later, after escaping to Earth while under attack by the Skrulls, Danvers begins to discover there's more to her past. With help from S.H.I.E.L.D. agent Nick Fury, they set out to unravel the truth.
Written by
Blazer346"
captivestatemovie,"Set in a Chicago neighborhood nearly a decade after an occupation by an extraterrestrial force, 'Captive State' explores the lives on both sides of the conflict - the collaborators and dissidents.","Set in a Chicago neighborhood nearly a decade after an occupation by an extraterrestrial force, 'Captive State' explores the lives on both sides of the conflict - the collaborators and dissidents."
childsplaymovie,"A mother gives her 13-year-old son a toy doll for his birthday, unaware of its more sinister nature, he also kills people who disobeyed Andy.","After moving to a new city, young Andy Barclay receives a special present from his mother -- a seemingly innocent Buddi doll that becomes his best friend. When the doll suddenly takes on a life of its own, Andy unites with other neighborhood children to stop the sinister toy from wreaking bloody havoc."
clarathefilm,"An obsessive astronomer and a curious artist form an unlikely bond which leads them to a profound, scientific discovery.","An obsessive astronomer and a curious artist form an unlikely bond which leads them to a profound, scientific discovery."
coldpursuitmovie,A grieving snowplow driver seeks out revenge against the drug dealers who killed his son. Based on the 2014 Norwegian film 'In Order of Disappearance'.,"Quiet family man and hard-working snowplow driver Nels is the lifeblood of a glitzy resort town in the Rocky Mountains because he is the one who keeps the winter roads clear. He and his wife live in a comfortable cabin away from the tourists. The town has just awarded him ""Citizen of the Year."" But Nels has to leave his quiet mountain life when his son is murdered by a powerful drug lord. As a man who has nothing to lose he is stoked by a drive for vengeance. This unlikely hero uses his hunting skills and transforms from an ordinary man into a skilled killer as he sets out to dismantle the cartel. Nels' actions ignite a turf war between a manically unpredictable gangster known as Viking and a rival gang boss. Justice is served in one final spectacular confrontation that will leave (almost) no one unscathed."
detectivepikachumovie,"In a world where people collect Pokémon to do battle, a boy comes across an intelligent talking Pikachu who seeks to be a detective.","The story begins when ace detective Harry Goodman goes mysteriously missing, prompting his 21-year-old son Tim to find out what happened. Aiding in the investigation is Harry's former Pokémon partner, Detective Pikachu: a hilariously wise-cracking, adorable super-sleuth who is a puzzlement even to himself. Finding that they are uniquely equipped to communicate with one another, Tim and Pikachu join forces on a thrilling adventure to unravel the tangled mystery. Chasing clues together through the neon-lit streets of Ryme City--a sprawling, modern metropolis where humans and Pokémon live side by side in a hyper-realistic live-action world--they encounter a diverse cast of Pokémon characters and uncover a shocking plot that could destroy this peaceful co-existence and threaten the whole Pokémon universe."
disneyaladdin,A kind-hearted street urchin and a power-hungry Grand Vizier vie for a magic lamp that has the power to make their deepest wishes come true.,"A kind-hearted street urchin Aladdin vies for the love of the beautiful princess Jasmine, the princess of Agrabah. When he finds a magic lamp, he uses a genie's magic power to make himself a prince in order to marry her. He is also on a mission to stop the powerful Jafar who plots to steal the magic lamp that could make his deepest wishes come true.
Written by
Santhosh"
doramovie,"Dora, a teenage explorer, leads her friends on an adventure to save her parents and solve the mystery behind a lost city of gold.","Having spent most of her life exploring the jungle with her parents, nothing could prepare Dora for her most dangerous adventure ever: high school. Always the explorer, Dora quickly finds herself leading Boots, Diego, a mysterious jungle inhabitant, and a ragtag group of teens on a live-action adventure to save her parents and solve the impossible mystery behind a lost Inca civilization.
Written by
Nick Moreau"
dumbo,"A young elephant, whose oversized ears enable him to fly, helps save a struggling circus, but when the circus plans a new venture, Dumbo and his friends discover dark secrets beneath its shiny veneer.","Holt was once a circus star, but he went off to war and when he returned it had terribly altered him. Circus owner Max Medici (Danny DeVito) hires him to take care of Dumbo, a newborn elephant whose oversized ears make him the laughing stock of the struggling circus troupe. But when Holt's children discover that Dumbo can fly, silver-tongued entrepreneur V.A. Vandevere (Michael Keaton), and aerial artist Colette Marchant (Eva Green) swoop in to make the little elephant a star."
escaperoom,Six strangers find themselves in a maze of deadly mystery rooms and must use their wits to survive.,"Six strangers are given mysterious black boxes with tickets to an immersive escape room for a chance to win tons of money. Being locked in several rooms with extreme conditions, they discover the secrets behind the escape room and must fight to survive and to find a way out."
everybodyknowsmovie,"Laura, a Spanish woman living in Buenos Aires, returns to her hometown outside Madrid with her two children to attend her sister's wedding. However, the trip is upset by unexpected events that bring secrets into the open.","Laura, a Spanish woman living in Buenos Aires, returns to her hometown outside Madrid with her two children to attend her sister's wedding. However, the trip is upset by unexpected events that bring secrets into the open."
fastandfuriousmovie,Lawman Luke Hobbs and outcast Deckard Shaw form an unlikely alliance when a cyber-genetically enhanced villain threatens the future of humanity.,Lawman Luke Hobbs and outcast Deckard Shaw form an unlikely alliance when a cyber-genetically enhanced villain threatens the future of humanity.
fightingwmyfam,A former wrestler and his family make a living performing at small venues around the country while his kids dream of joining World Wrestling Entertainment.,A former wrestler and his family make a living performing at small venues around the country while his kids dream of joining World Wrestling Entertainment.
fivefeetapartfilm,"A pair of teenagers with cystic fibrosis meet in a hospital and fall in love, though their disease means they must avoid close physical contact.","Seventeen-year-old Stella spends most of her time in the hospital as a cystic fibrosis patient. Her life is full of routines, boundaries and self-control all of which get put to the test when she meets Will, an impossibly charming teen who has the same illness. There's an instant flirtation, through restrictions dictate that they must maintain a safe distance between them. As their connection intensifies, so does the temptation to throw the rules out the window and embrace that attraction. Love has no boundaries"
glassmovie,"Security guard David Dunn uses his supernatural abilities to track Kevin Wendell Crumb, a disturbed man who has twenty-four personalities.","After pursuing Kevin Wendell Crumb and the multiple identities that reside within. David Dunn finds himself locked in a mental hospital alongside his archenemy, Elijah Price and must contend with a psychiatrist who is out to prove the trio do not actually possess superhuman abilities
Written by
vsuperkuns"
gloriabellmovie,A free-spirited woman in her 50s seeks out love at L.A. dance clubs.,A free-spirited woman in her 50s seeks out love at L.A. dance clubs.
godzillamovie,"The crypto-zoological agency Monarch faces off against a battery of god-sized monsters, including the mighty Godzilla, who collides with Mothra, Rodan, and his ultimate nemesis, the three-headed King Ghidorah.","The new story follows the heroic efforts of the crypto-zoological agency Monarch as its members face off against a battery of god sized monsters, including the mighty Godzilla, who collides with Mothra, Rodan, and his ultimate nemesis, the three headed King Ghidorah. When these ancient superspecies, thought to be mere myths, rise again, they all vie for supremacy, leaving humanity's very existence hanging in the balance."
goodboysmovie,"Three 6th grade boys ditch school and embark on an epic journey while carrying accidentally stolen drugs, being hunted by teenage girls, and trying to make their way home in time for a long-awaited party.","Three 6th grade boys ditch school and embark on an epic journey while carrying accidentally stolen drugs, being hunted by teenage girls, and trying to make their way home in time for a long-awaited party."
gretafilm,A young woman befriends a lonely widow who's harboring a dark and deadly agenda toward her.,A young woman befriends a lonely widow who's harboring a dark and deadly agenda toward her.
happydeathdaymovie,Tree Gelbman discovers that dying over and over was surprisingly easier than the dangers that lie ahead.,"Having survived the farcical but utterly life-threatening events in Happy Death Day (2017), the feisty sorority sister, Tree Gelbman, finds herself in the same college dorm, thankful to be alive. However, this time, it's Carter's roommate, Ryan, who claims that he is reliving the same paradoxical day over and over again, as a mysterious paranoid killer in a single-toothed baby-faced mask with a big kitchen knife has made a habit of murdering him. Under those circumstances, a valiant but vain attempt to face the challenge, once more, will send Tree back to square one, trapped in an all too familiar and blood-drenched time loop. How many deaths separate Tree from a truly happy birthday?
Written by
Nick Riganas"
hellboymovie,"Based on the graphic novels by Mike Mignola, Hellboy, caught between the worlds of the supernatural and human, battles an ancient sorceress bent on revenge.","Hellboy is a supernatural being who is the son of a fallen angel. He came to our world in 1944 as a result of a mystical ritual. The Occultists of the Third Reich had long tried to gain an advantage in the war, hoping to attract the ideal soldier to the ranks of the fascist army. Hellboy was exactly the one they needed, but they never managed to make their plans a reality. The demon from hell fell into the hands of Americans and began to serve them, protecting the world from mysterious threats. This time he is sent to England to meet face to face with Merlin's wife. Just a battle with the Blood Queen will lead to the end of the world, which the monster tried to avoid all his life.
Written by
Peter-Patrick76 (peter-patrick@mail.com)"
hersmellmovie,A self-destructive punk rocker struggles with sobriety while trying to recapture the creative inspiration that led her band to success.,A self-destructive punk rocker struggles with sobriety while trying to recapture the creative inspiration that led her band to success.
highlifemovie,A father and his daughter struggle to survive in deep space where they live in isolation.,Takes place beyond the solar system in a future that seems like the present. About a group of criminals who accept a mission in space to become the subjects of a human reproduction experiment. They find themselves in the most unimaginable situation after a storm of cosmic rays hit the ship.
hotelmumbaifilm,The true story of the Taj Hotel terrorist attack in Mumbai. Hotel staff risk their lives to keep everyone safe as people make unthinkable sacrifices to protect themselves and their families.,"A gripping true story of humanity and heroism, HOTEL MUMBAI vividly recounts the 2008 siege of the famed Taj Hotel by a group of terrorists in Mumbai, India. Among the dedicated hotel staff is the renowned chef Hemant Oberoi (Anupam Kher) and a waiter (Academy Award-Nominee Dev Patel, Slumdog Millionaire) who choose to risk their lives to protect their guests. As the world watches on, a desperate couple (Armie Hammer, Call Me By Your Name and Nazanin Boniadi, ""Homeland"") is forced to make unthinkable sacrifices to protect their newborn child.
Written by
Bleecker Street"
httydragon,"When Hiccup discovers Toothless isn't the only Night Fury, he must seek ""The Hidden World"", a secret Dragon Utopia before a hired tyrant named Grimmel finds it first.","As Hiccup fulfills his dream of creating a peaceful dragon utopia, Toothless' discovery of an untamed, elusive mate draws the Night Fury away. When danger mounts at home and Hiccup's reign as village chief is tested, both dragon and rider must make impossible decisions to save their kind.
Written by
JC Jamison"
hustlemovie,"Anne Hathaway and Rebel Wilson star as female scam artists, one low rent and the other high class, who team up to take down the men who have wronged them.","Anne Hathaway and Rebel Wilson star as female scam artists, one low rent and the other high class, who team up to take down the men who have wronged them."
isntitromantic,A young woman disenchanted with love mysteriously finds herself trapped inside a romantic comedy.,A young woman disenchanted with love mysteriously finds herself trapped inside a romantic comedy.
johnwickmovie,"Super-assassin John Wick is on the run after killing a member of the international assassin's guild, and with a $14 million price tag on his head - he is the target of hit men and women everywhere.","In this third installment of the adrenaline-fueled action franchise, skilled assassin John Wick (Keanu Reeves) returns with a $14 million price tag on his head and an army of bounty-hunting killers on his trail. After killing a member of the shadowy international assassin's guild, the High Table, John Wick is excommunicado, but the world's most ruthless hit men and women await his every turn."
lalloronamovie,"Ignoring the eerie warning of a troubled mother suspected of child endangerment, a social worker and her own small kids are soon drawn into a frightening supernatural realm.","Ignoring the eerie warning of a troubled mother suspected of child endangerment, a social worker and her own small kids are soon drawn into a frightening supernatural realm. Their only hope to survive La Llorona's deadly wrath may be a disillusioned priest and the mysticism he practices to keep evil at bay, on the fringes where fear and faith collide.
Written by
Warner Bros."
lastblackmansf,A young man searches for home in the changing city that seems to have left him behind.,A young man searches for home in the changing city that seems to have left him behind.
latenightmovie,A late night talk show host suspects that she may soon lose her long-running show.,"Katherine Newbury (Emma Thompson) is a pioneer and legendary host on the late-night talk-show circuit. When she's accused of being a ""woman who hates women,"" she puts affirmative action on the to-do list, and --presto!--Molly (Mindy Kaling) is hired as the one woman in Katherine's all-male writers' room. But Molly might be too little too late, as the formidable Katherine also faces the reality of low ratings and a network that wants to replace her. Wanting to prove she's not merely a diversity hire who's disrupting the comfort of the brotherhood, Molly is determined to help Katherine revitalize her show and career--and possibly effect even bigger change at the same time."
lionking,"After the murder of his father, a young lion prince flees his kingdom only to learn the true meaning of responsibility and bravery.","After the murder of his father, a young lion prince flees his kingdom only to learn the true meaning of responsibility and bravery."
littlethemovie,A woman is transformed into her younger self at a point in her life when the pressures of adulthood become too much to bear.,A woman is transformed into her younger self at a point in her life when the pressures of adulthood become too much to bear.
littlewoodsfilm,A modern Western about two sisters who work outside the law to better their lives,"A modern Western that tells the story of two sisters, Ollie and Deb, who are driven to work outside the law to better their lives. For years, Ollie has illicitly helped the struggling residents of her North Dakota oil boomtown access Canadian health care and medication. When the authorities catch on, she plans to abandon her crusade, only to be dragged in even deeper after a desperate plea for help from her sister.
Written by
Anonymous"
longshotmovie,"Journalist Fred Flarsky reunites with his childhood crush, Charlotte Field, now one of the most influential women in the world. As she prepares to make a run for the Presidency, Charlotte hires Fred as her speechwriter and sparks fly.","Fred Flarsky (Seth Rogen) is a gifted and free-spirited journalist with an affinity for trouble. Charlotte Field (Charlize Theron) is one of the most influential women in the world. Smart, sophisticated, and accomplished, she's a powerhouse diplomat with a talent for...well, mostly everything. The two have nothing in common, except that she was his babysitter and childhood crush. When Fred unexpectedly reconnects with Charlotte, he charms her with his self-deprecating humor and his memories of her youthful idealism. As she prepares to make a run for the Presidency, Charlotte impulsively hires Fred as her speechwriter, much to the dismay of her trusted advisors. A fish out of water on Charlotte's elite team, Fred is unprepared for her glamourous lifestyle in the limelight. However, sparks fly as their unmistakable chemistry leads to a round-the-world romance and a series of unexpected and dangerous incidents."
lordsofchaosmovie,A teenager's quest to launch Norwegian Black Metal in Oslo in the early 1990s results in a very violent outcome.,"Oslo, 1987. 17-year-old Euronymous is determined to escape his traditional upbringing and becomes fixated on creating 'true Norwegian black metal' with his band Mayhem. He mounts shocking publicity stunts to put the band's name on the map, but the lines between show and reality start to blur. Arson, violence and a vicious murder shock the nation that is under siege by these Lords of Chaos.
Written by
British Counsil"
mamovie2019,"A lonely woman befriends a group of teenagers and decides to let them party at her house. Just when the kids think their luck couldn't get any better, things start happening that make them question the intention of their host.","In this new psychological horror-thriller from Tate Taylor and Blumhouse, a lonely woman befriends a group of teenagers and decides to let them party at her house. Just when the kids think their luck couldn't get any better, things start happening that make them question the intention of their crazy host."
meninblack,"The Men in Black have always protected the Earth from the scum of the universe. In this new adventure, they tackle their biggest threat to date: a mole in the Men in Black organization.","After an eye-opening encounter of the third kind, the secret MiB organisation's newest recruit, Agent M, finds herself under the wing of the heroic Agent H in cosmopolitan London, when a shape-shifting duo of intergalactic assassins executes an alien aristocrat. Now, with a devastating super-weapon of mass destruction hidden somewhere on Earth, the Men in Black will leave no stone unturned to retrieve it; however, heavy clouds of mistrust and a scent of betrayal envelop the once-incorruptible agency. Is there a well-placed mole in their midst?
Written by
Nick Riganas"
midsommarmovie,A couple travels to Sweden to visit a rural hometown's fabled mid-summer festival. What begins as an idyllic retreat quickly devolves into an increasingly violent and bizarre competition at the hands of a pagan cult.,"Dani (Florence Pugh) and Christian (Jack Reynor) are a young American couple with a relationship on the brink of falling apart. But after a family tragedy keeps them together, a grieving Dani invites herself to join Christian and his friends on a trip to a once-in-a-lifetime midsummer festival in a remote Swedish village. What begins as a carefree summer holiday in a land of eternal sunlight takes a sinister turn when the insular villagers invite their guests to partake in festivities that render the pastoral paradise increasingly unnerving and viscerally disturbing.
Written by
A24 Releasing"
mikewallaceishere,"A look at the career of 60 Minutes (1968) newsman, Mike Wallace.","For over fifty years, 60 Minutes' fearsome newsman Mike Wallace went head-to-head with the 20th century's most influential figures. Relying exclusively on archival footage, Mike Wallace Is Here interrogates the interrogator, tracking Mike's storied career and troubled personal life while unpacking how broadcast journalism evolved to today's precarious tipping point."
missbalamovie,"Gloria finds a power she never knew she had when she is drawn into a dangerous world of cross-border crime. Surviving will require all of her cunning, inventiveness, and strength. Based on the Spanish-language film.","Gloria finds a power she never knew she had when she is drawn into a dangerous world of cross-border crime. Surviving will require all of her cunning, inventiveness, and strength. Based on the Spanish-language film."
missinglinkfilm,"Mr. Link recruits explorer Sir Lionel Frost to help find his long-lost relatives in the fabled valley of Shangri-La. Along with adventurer Adelina Fortnight, this trio of explorers travel the world to help their new friend.","The charismatic Sir Lionel Frost considers himself to be the world's foremost investigator of myths and monsters. The trouble is none of his small-minded high-society peers seems to recognize this. Sir Lionel's last chance for acceptance by the adventuring elite rests on traveling to America's Pacific Northwest to prove the existence of a legendary creature. A living remnant of Man's primitive ancestry. The Missing Link.
Written by
LAIKA"
mountainthemovie,"The story of a young man who, after losing his mother, goes to work with a doctor specializing in lobotomies and therapies.","A motherless and emotionally remote young man unexpectedly loses his father. After a chance encounter with a renowned lobotomist that knew his mother, he is recruited by the doctor to document the practice as it begins to fall out of favor.
Written by
Mae Moreno"
onceinhollywood,A faded television actor and his stunt double strive to achieve fame and success in the film industry during the final years of Hollywood's Golden Age in 1969 Los Angeles.,"Quentin Tarantino's Once Upon a Time... in Hollywood visits 1969 Los Angeles, where everything is changing, as TV star Rick Dalton (Leonardo DiCaprio) and his longtime stunt double Cliff Booth (Brad Pitt) make their way around an industry they hardly recognize anymore. The ninth film from the writer-director features a large ensemble cast and multiple storylines in a tribute to the final moments of Hollywood's golden age."
onthebasisofsex,"The true story of Ruth Bader Ginsburg, her struggles for equal rights, and the early cases of a historic career that lead to her nomination and confirmation as U.S. Supreme Court Associate Justice.","The true story of Ruth Bader Ginsburg, her struggles for equal rights, and the early cases of a historic career that lead to her nomination and confirmation as U.S. Supreme Court Associate Justice."
overcomermovie,A high-school basketball coach volunteers to coach a troubled teen in long-distance running.,"Life changes overnight for Coach John Harrison when his high school basketball team and state championship dreams are crushed under the weight of unexpected news. When the largest manufacturing plant shuts down and hundreds of families leave their town, John questions how he and his family will face an uncertain future. After reluctantly agreeing to coach cross-country, John and his wife, Amy, meet an aspiring athlete who's pushing her limits on a journey toward discovery. Inspired by the words and prayers of a new-found friend, John becomes the least likely coach helping the least likely runner attempt the impossible in the biggest race of the year.
Written by
AFFIRM/Provident Films"
peterloomovie,The story of the 1819 Peterloo Massacre where British forces attacked a peaceful pro-democracy rally in Manchester.,"An epic portrayal of the events surrounding the infamous 1819 Peterloo Massacre, where a peaceful pro-democracy rally at St Peter's Field in Manchester turned into one of the bloodiest and most notorious episodes in British history. The massacre saw British government forces charge into a crowd of over 60,000 that had gathered to demand political reform and protest against rising levels of poverty. Many protesters were killed and hundreds more injured, sparking a nationwide outcry but also further government suppression. The Peterloo Massacre was a defining moment in British democracy which also played a significant role in the founding of The Guardian newspaper."
petsematarymovie,"Dr. Louis Creed and his wife, Rachel, relocate from Boston to rural Maine with their two young children. The couple soon discover a mysterious burial ground hidden deep in the woods near their new home.","Louis Creed, his wife Rachel, and their two children, Gage and Ellie, move to a rural home where they are welcomed and enlightened about the eerie 'Pet Sematary' located nearby. After the tragedy of their cat being killed by a truck, Louis resorts to burying it in the mysterious pet cemetery, which is definitely not as it seems, as it proves to the Creeds that sometimes, dead is better."
piercingmovie,"A man kisses his wife and baby goodbye and seemingly heads away on business, with a plan to check into a hotel, call an escort service, and kill an unsuspecting prostitute.","A man kisses his wife and baby goodbye and seemingly heads away on business, with a plan to check into a hotel, call an escort service, and kill an unsuspecting prostitute."
pomsmovie,"POMS is a comedy about a group of women who form a cheer leading squad at their retirement community, proving that you're never too old to 'bring it!'","POMS is a comedy about a group of women who form a cheer leading squad at their retirement community, proving that you're never too old to 'bring it!'"
rocketmanmovie,A musical fantasy about the fantastical human story of Elton John's breakthrough years.,A musical fantasy about the fantastical human story of Elton John's breakthrough years.
scarystoriesmovie,A group of teens face their fears in order to save their lives.,"It's 1968 in America. Change is blowing in the wind...but seemingly far removed from the unrest in the cities is the small town of Mill Valley where for generations, the shadow of the Bellows family has loomed large. It is in their mansion on the edge of town that Sarah, a young girl with horrible secrets, turned her tortured life into a series of scary stories, written in a book that has transcended time-stories that have a way of becoming all too real for a group of teenagers who discover Sarah's terrifying tome.
Written by
Anonymous"
secretlifeofpets,"Continuing the story of Max and his pet friends, following their secret lives after their owners leave them for work or school each day.","Max faces some major changes after his owner Katie gets married and now has a child. On a family trip to the countryside, Max meets a farm dog named Rooster, and both attempt to overcome his fears. Meanwhile, Gidget tries to rescue Max's favorite toy from a cat-packed apartment, and Snowball sets on a mission to free a white tiger named Hu from a circus.
Written by
aldiagungpratama-17410"
serenityfilm,A fishing boat captain juggles facing his mysterious past and finding himself ensnared in a reality where nothing is what it seems.,"Baker Dill (Matthew McConaughey) is a fishing boat captain leading tours off a tranquil, tropical enclave called Plymouth Island. His quiet life is shattered, however, when his ex-wife Karen (Anne Hathaway) tracks him down with a desperate plea for help. She begs Dill to save her - and their young son - from her new, violent husband (Jason Clarke) by taking him out to sea on a fishing excursion, only to throw him to the sharks and leave him for dead. Karen's appearance thrusts Dill back into a life he'd tried to forget, and as he struggles between right and wrong, his world is plunged into a new reality that may not be all that it seems."
shaftmovie,"JJ Shaft, a cyber security expert with a degree from MIT, enlists his family's help to uncover the truth behind his best friend's untimely death.","JJ, aka John Shaft Jr. (Usher), may be a cyber security expert with a degree from MIT, but to uncover the truth behind his best friend's untimely death, he needs an education only his dad can provide. Absent throughout JJ's youth, the legendary locked-and-loaded John Shaft (Jackson) agrees to help his progeny navigate Harlem's heroin-infested underbelly. And while JJ's own FBI analyst's badge may clash with his dad's trademark leather coat, there's no denying family. Besides, Shaft's got an agenda of his own, and a score to settle that's professional and personal."
shazammovie,"We all have a superhero inside us, it just takes a bit of magic to bring it out. In Billy Batson's case, by shouting out one word - SHAZAM - this streetwise fourteen-year-old foster kid can turn into the grown-up superhero Shazam.","In Philadelphia, Billy Batson is an abandoned child who is proving a nuisance to Child Services and the authorities with his stubborn search for his lost mother. However, in his latest foster home, Billy makes a new friend, Freddy, and finds himself selected by the Wizard Shazam to be his new champion. Now endowed with the ability to instantly become an adult superhero by speaking the wizard's name, Billy gleefully explores his new powers with Freddy. However, Billy soon learns that he has a deadly enemy, Dr. Thaddeus Sivana, who was previously rejected by the wizard and has accepted the power of the Seven Deadly Sins instead. Now pursued by this mad scientist for his own power as well, Billy must face up to the responsibilities of his calling while learning the power of a special magic with his true family that Sivana can never understand.
Written by
Kenneth Chisholm (kchishol@rogers.com)"
spidermanmovie,"Following the events of Avengers: Endgame (2019), Spider-Man must step up to take on new threats in a world that has changed forever.","Our friendly neighborhood Super Hero decides to join his best friends Ned, MJ, and the rest of the gang on a European vacation. However, Peter's plan to leave super heroics behind for a few weeks are quickly scrapped when he begrudgingly agrees to help Nick Fury uncover the mystery of several elemental creature attacks, creating havoc across the continent.
Written by
Sony Pictures Entertainment"
stormboymovie,"When Michael Kingley, a successful retired businessman starts to see images from his past that he can't explain, he's forced to remember his childhood and how, as a boy, he rescued and raised an extraordinary orphaned pelican, Mr Percival.","A beautiful and contemporary retelling of Colin Thiele's classic Australian tale. 'Storm Boy' has grown up to be Michael Kingley, a successful retired businessman and grandfather. When Kingley starts to see images from his past that he can't explain, he is forced to remember his long-forgotten childhood, growing up on an isolated coastline with his father. He recounts to his grand-daughter the story of how, as a boy, he rescued and raised an extraordinary orphaned pelican, Mr Percival. Their remarkable adventures and very special bond has a profound effect on all their lives. Based on the beloved book, Storm Boy is a timeless story of an unusual and unconditional friendship.
Written by
Ambience Entertainment"
stubermovie,A detective recruits his Uber driver into an unexpected night of adventure.,"A mild-mannered Uber driver named Stu picks up a grizzled detective who is hot on the trail of a sadistic, bloodthirsty terrorist and finds himself thrust into a harrowing ordeal where he has to keep his wits, himself unharmed, and work with his passenger while maintaining his high-class rating."
taosdfilm,"After being attacked on the street, a young man enlists at a local dojo, led by a charismatic and mysterious sensei, in an effort to learn how to defend himself from future threats.","After he's attacked on the street at night by a roving motorcycle gang, timid bookkeeper Casey (Jesse Eisenberg) joins a neighborhood karate studio to learn how to protect himself. Under the watchful eye of a charismatic instructor, Sensei (Alessandro Nivola), and hardcore brown belt Anna (Imogen Poots), Casey gains a newfound sense of confidence for the first time in his life. But when he attends Sensei's mysterious night classes, he discovers a sinister world of fraternity, brutality and hyper-masculinity, presenting a journey that places him squarely in the sights of his enigmatic new mentor.
Written by
Bleecker Street"
teenspiritmov,"Violet is a shy teenager who dreams of escaping her small town and pursuing her passion to sing. With the help of an unlikely mentor, she enters a local singing competition that will test her integrity, talent and ambition. Driven by a pop-fueled soundtrack, Teen Spirit is a visceral and stylish spin on the Cinderella story.","Violet is a shy teenager who dreams of escaping her small town and pursuing her passion to sing. With the help of an unlikely mentor, she enters a local singing competition that will test her integrity, talent and ambition. Driven by a pop-fueled soundtrack, Teen Spirit is a visceral and stylish spin on the Cinderella story."
thebestofenemies,"Civil rights activist Ann Atwater faces off against C.P. Ellis, Exalted Cyclops of the Ku Klux Klan, in 1971 Durham, North Carolina over the issue of school integration.","Civil rights activist Ann Atwater faces off against C.P. Ellis, Exalted Cyclops of the Ku Klux Klan, in 1971 Durham, North Carolina over the issue of school integration."
thedeaddontdie,The peaceful town of Centerville finds itself battling a zombie horde as the dead start rising from their graves.,The peaceful town of Centerville finds itself battling a zombie horde as the dead start rising from their graves.
thefarewell,"A Chinese family discovers their grandmother has only a short while left to live and decide to keep her in the dark, scheduling a wedding to gather before she dies.",A headstrong Chinese-American woman returns to China when her beloved grandmother is diagnosed with terminal cancer. Billi struggles with her family's decision to keep grandma in the dark about her own illness as they all stage an impromptu wedding to see grandma one last time.
thehighwaymen,The untold true story of the legendary detectives who brought down Bonnie and Clyde.,"The outlaws made headlines. The lawmen made history. From director John Lee Hancock (The Blind Side), THE HIGHWAYMEN follows the untold story of the legendary detectives who brought down Bonnie and Clyde. When the full force of the FBI and the latest forensic technology aren't enough to capture the nation's most notorious criminals, two former Texas Rangers (Kevin Costner and Woody Harrelson) must rely on their gut instincts and old school skills to get the job done.
Written by
Netflix"
thehummingbirdprojectfilm,A pair of high-frequency traders go up against their old boss in an effort to make millions in a fiber-optic cable deal.,"In this modern epic, Kim Nguyen exposes the ruthless edge of our increasingly digital world. Cousins from New York, Vincent (Eisenberg) and Anton (Skarsgård) are players in the high-stakes game of High Frequency Trading, where winning is measured in milliseconds. Their dream? To build a fiber-optic cable straight between Kansas and New Jersey, making them millions. But nothing is straightforward for this flawed pair. Anton is the brains, Vincent is the hustler, and together they push each other and everyone around them to breaking point on their quixotic adventure. Constantly breathing down their necks is their old boss Eva Torres (Hayek) a powerful, intoxicating and manipulative trader who will stop at nothing to come between them and beat them at their own game. No matter what the cost, Vincent and Anton are determined to cut through America, only to find redemption at the end of their line, not through money, but through family and reconnecting to the land."
theintrudermovie,"A young married couple buys a beautiful house on several acres of land, only to find out that the man they bought it from refuses to let go of the property.","A young married couple buys a beautiful house on several acres of land, only to find out that the man they bought it from refuses to let go of the property."
thekitchenmovie,The wives of New York gangsters in Hell's Kitchen in the 1970s continue to operate their husbands' rackets after they're locked up in prison.,The wives of New York gangsters in Hell's Kitchen in the 1970s continue to operate their husbands' rackets after they're locked up in prison.
thelegomovie,"It's been five years since everything was awesome and the citizens are facing a huge new threat: Lego Duplo invaders from outer space, wrecking everything faster than they can rebuild.","It's been five years since everything was awesome and the citizens are facing a huge new threat: Lego Duplo invaders from outer space, wrecking everything faster than they can rebuild."
themustangfilm,"The story of Roman Coleman, a violent convict, who is given the chance to participate in a rehabilitation therapy program involving the training of wild mustangs.","The story of Roman Coleman, a violent convict, who is given the chance to participate in a rehabilitation therapy program involving the training of wild mustangs."
theprodigymovie,A mother concerned about her young son's disturbing behavior thinks something supernatural may be affecting him.,"In her much-anticipated foray into the horror-thriller genre, Golden Globe and Emmy nominee Taylor Schilling stars in THE PRODIGY as Sarah, a mother whose young son Miles' disturbing behavior signals that an evil, possibly supernatural force has overtaken him. Fearing for her family's safety, Sarah must choose between her maternal instinct to love and protect Miles and a desperate need to investigate what or who is causing his dark turn. She is forced to look for answers in the past, taking the audience on a wild ride; one where the line between perception and reality becomes frighteningly blurry."
thesouvenir,A young film student in the early '80s becomes romantically involved with a complicated and untrustworthy man.,A young film student in the early '80s becomes romantically involved with a complicated and untrustworthy man.
thesunisalsoastar,A hopeless romantic ambivalent about his future in medical school falls for a hard-luck young woman who doesn't believe in love.,"Natasha is a girl who believes in science and facts. Not fate. Not destiny. Or dreams that will never come true. She is not the type of girl who meets a cute boy on a crowded New York City street and falls in love with him. Not when her family is twelve hours away from being deported. Falling in love with him will not be her story. Daniel has always been the good son, the good student, living up to his parents' high expectations. Never a poet. Or a dreamer. But when he sees her, he forgets all that. Something about Natasha makes him think that fate has something much more extraordinary in store - for both of them. Every moment has brought them to this single moment. A million futures lie before them. Which one will come true?"
theupsidefilm,A comedic look at the relationship between a wealthy man with quadriplegia and an unemployed man with a criminal record who's hired to help him.,"Philip is a disabled white billionaire, who feels that life is not worth living. To help him in his day to day routine, he hires Del, an African American parolee, trying to reconnect with his estranged wife. What begins as a professional relationship develops into a friendship as Del shows his grouchy charge that life is worth living.
Written by
Tom Daly"
tolkienmovie,"The formative years of the orphaned author J.R.R. Tolkien as he finds friendship, love and artistic inspiration among a group of fellow outcasts at school.","Tolkien explores the formative years of the orphaned author as he finds friendship, love and artistic inspiration among a group of fellow outcasts at school. This takes him into the outbreak of World War I, which threatens to tear the ""fellowship"" apart. All of these experiences would inspire Tolkien to write his famous Middle-Earth novels.
Written by
Fox Searchlight Pictures"
tomorrowmanfilm,Ed Hemsler spends his life preparing for a disaster that may never come. Ronnie Meisner spends her life shopping for things she may never use. These two people will try to find love.,"Ed Hemsler spends his life preparing for a disaster that may never come. Ronnie Meisner spends her life shopping for things she may never use. In a small town somewhere in America, these two people will try to find love while trying not to get lost in each other's stuff."
toystory,"When a new toy called ""Forky"" joins Woody and the gang, a road trip alongside old and new friends reveals how big the world can be for a toy.","Woody, Buzz Lightyear and the rest of the gang embark on a road trip with Bonnie and a new toy named Forky. The adventurous journey turns into an unexpected reunion as Woody's slight detour leads him to his long-lost friend Bo Peep. As Woody and Bo discuss the old days, they soon start to realize that they're two worlds apart when it comes to what they want from life as a toy.
Written by
Jwelch5742"
trialbyfirethefilm,"The tragic and controversial story of Cameron Todd Willingham, who was executed in Texas for killing his three children after scientific evidence and expert testimony that bolstered his claims of innocence were suppressed.","The film takes place in Texas. Cameron Todd Willingham is accused of triple killing of his children killed in a fire. The man denies his guilt and claims that he loved his daughters more than life. However, the court sentenced him to death. For eight long years, Cameron has been on death row, and soon he will be executed. His business is interested by Elizabeth Gilbert, who all her life leads an implacable struggle with the system.
Written by
Peter-Patrick76 (peter-patrick@mail.com)"
triplefrontier,"Loyalties are tested when five friends and former special forces operatives reunite to take down a South American drug lord, unleashing a chain of unintended consequences.","Five former Special Forces operatives reunite to plan a heist in a sparsely populated multi-border zone of South America. For the first time in their prestigious careers these unsung heroes undertake this dangerous mission for self instead of country. But when events take an unexpected turn and threaten to spiral out of control, their skills, their loyalties and their morals are pushed to a breaking point in an epic battle for survival.
Written by
Netflix"
uglydolls,"An animated adventure in which the free-spirited UglyDolls confront what it means to be different, struggle with a desire to be loved, and ultimately discover who you truly are is what matters most.","The free-spirited UglyDolls confront what it means to be different, struggle with their desire to be loved, and ultimately discover that you don't have to be perfect to be amazing because who you truly are is what matters most.
Written by
STXfilms"
underthesilverlake,"Sam, a disenchanted young man, finds a mysterious woman swimming in his apartment's pool one night. The next morning, she disappears. Sam sets off across LA to find her, and along the way he uncovers a conspiracy far more bizarre.","Sam (Andrew Garfield) is a disenchanted 33-year-old who discovers a mysterious woman, Sarah (Riley Keough), frolicking in his apartment's swimming pool. When she vanishes, Sam embarks on a surreal quest across Los Angeles to decode the secret behind her disappearance, leading him into the murkiest depths of mystery, scandal and conspiracy in the City of Angels.
Written by
A24"
usmovie,A family's serene beach vacation turns to chaos when their doppelgängers appear and begin to terrorize them.,"In order to get away from their busy lives, the Wilson family takes a vacation to Santa Cruz, California with the plan of spending time with their friends, the Tyler family. On a day at the beach, their young son Jason almost wanders off, causing his mother Adelaide to become protective of her family. That night, four mysterious people break into Adelaide's childhood home where they're staying. The family is shocked to find out that the intruders look like them, only with grotesque appearances.
Written by
jesusblack-30225"
whatmenwant,"A woman is boxed out by the male sports agents in her profession, but gains an unexpected edge over them when she develops the ability to hear men's thoughts.","A woman is boxed out by the male sports agents in her profession, but gains an unexpected edge over them when she develops the ability to hear men's thoughts."
wonderparkmovie,Wonder Park tells the story of an amusement park where the imagination of a wildly creative girl named June comes alive.,"June, an optimistic, imaginative girl, discovers an incredible amusement park called Wonderland hidden in the woods. The park is full of fantastical rides and talking, funny animals - only the park is in disarray. June soon discovers the park came from her imagination and she's the only one who can fix it, so she bands together with the animals to save this magical place and bring back the wonder in Wonderland.
Written by
Wulf97"
xmenmovies,Jean Grey begins to develop incredible powers that corrupt and turn her into a Dark Phoenix. Now the X-Men will have to decide if the life of a team member is worth more than all of humanity.,"The X-Men. Protectors of peace. Jean Grey is one of the most beloved X-Men. But when a mission goes wrong, Jean is exposed to a dark and ancient power. This power has destroyed everything it comes in contact with, until her. Now that this power is becoming unstable, she releases it with destruction and anger. Now that this foreign power is consuming her, and the world is threatened, the X-Men have to face an important truth: they must save either the world, or their friend who threatens it."
yardiefilm,British crime drama film directed by Idris Elba based on the novel of the same name by Jamaican-born writer Victor Headley.,"Set in '70s Kingston and '80s Hackney, Yardie centres on the life of a young Jamaican man named D (Aml Ameen), who has never fully recovered from the murder, committed during his childhood, of his older brother Jerry Dread (Everaldo Creary). D grows up under the wing of a Kingston Don and music producer named King Fox (Sheldon Shepherd). Fox dispatches him to London, where he reconnects with his childhood sweetheart, Yvonne (Shantol Jackson), and his daughter who he's not seen since she was a baby. He also hooks up with a soundclash crew, called High Noon. But before he can be convinced to abandon his life of crime and follow ""the righteous path"", he encounters the man who shot his brother 10 years earlier, and embarks on a bloody, explosive quest for retribution - a quest which brings him into conflict with vicious London gangster Rico (Stephen Graham).
Written by
Studiocanal"
yesterdaymovie,A struggling musician realizes he's the only person on Earth who can remember The Beatles after waking up in an alternate timeline where they never existed.,"In Lowestoft UK, Jack Malik is a frustrated musician whose musical career is going nowhere despite the faith that his friend/manager Ellie Appleton has in him. However, on the night Jack decides to give up, the whole world is momentarily hit with a massive blackout during which Jack is hit by a bus. Upon regaining consciousness, Jack learns to his astonishment that he is apparently now the only one who knows the music of the Beatles. Realizing this improbable opportunity, Jack begins playing the music of the greatest of the rock bands, claiming it as his own. It pays off quickly and Jack becomes a worldwide musical sensation. However, Jack finds himself drifting away from Ellie, only realizing his love for her when she has become intimidated by his success, which depends on a blatant plagiarization that no one could find out. Now, Jack must make a fundamental moral decision about his music to satisfy his conscience as he decides what he truly needs.
Written by
Kenneth Chisholm"
