username,title
47metersdown,47 meters down
adogsjourneymovie,a dog's journey movie
aftermathmovie,after math movie
aftermovie,after movie
alitamovie,alita movie
angelhasfallen,angel has fallen
angrybirdsmovie,angry birds movie
annabellemovie,anna belle movie
annamovie,anna movie
apollo11movie,apollo 11 movie
arcticmovie,arctic movie
artofracingmovie,art of racing movie
avengers,avengers
beachbummovie,beach bum movie
bernadettefilm,bernadette film
blindedbythelightmovie,blinded by the light movie
booksmart,booksmart
breakthroughmovie,break through movie
brianbanksmovie,brian banks movie
brightburnmovie,brightburn movie
brittanyrunsmov,brittany runs mov
captainmarvelofficial,captain marvel official
captivestatemovie,captive state movie
childsplaymovie,child's play movie
clarathefilm,clara the film
coldpursuitmovie,cold pursuit movie
detectivepikachumovie,detective pikachu movie
disneyaladdin,disney aladdin
doramovie,dora movie
dumbo,dumbo
escaperoom,escape room
everybodyknowsmovie,everybody knows movie
fastandfuriousmovie,fast and furious movie
fightingwmyfam,fighting with my family
fivefeetapartfilm,five feet apart film
glassmovie,glass movie
gloriabellmovie,gloria bell movie
godzillamovie,godzilla movie
goodboysmovie,good boys movie
gretafilm,greta film
happydeathdaymovie,happy death day movie
hellboymovie,hellboy movie
hersmellmovie,her smell movie
highlifemovie,high life movie
hotelmumbaifilm,hotel mumbai film
httydragon,how to train your dragon
hustlemovie,hustle movie
isntitromantic,isn't it romantic
johnwickmovie,john wick movie
lalloronamovie,la llorona movie
lastblackmansf,last black man sf
latenightmovie,late night movie
lionking,lionking
littlethemovie,little the movie
littlewoodsfilm,little woods film
longshotmovie,long shot movie
mamovie2019,ma movie 2019
meninblack,men in black
midsommarmovie,midsommar movie
missbalamovie,miss bala movie
missinglinkfilm,missing link film
onceinhollywood,once in hollywood
onthebasisofsex,on the basis of sex
overcomermovie,overcomer movie
petsematarymovie,pet sematary movie
pomsmovie,poms movie
rocketmanmovie,rocketman movie
scarystoriesmovie,scary stories movie
secretlifeofpets,secret life of pets
serenityfilm,serenity film
shaftmovie,shaft movie
shazammovie,shazam movie
spidermanmovie,spider man movie
stubermovie,stuber movie
taosdfilm,The Art of Self-Defense taosd film
teenspiritmov,teen spirit mov
thebestofenemies,the best of enemies
thedeaddontdie,the dead don't die
thefarewell,the farewell
thehummingbirdprojectfilm,the hummingbird project film
theintrudermovie,the intruder movie
thekitchenmovie,the kitchen movie
thelegomovie,the lego movie
themustangfilm,the mustang film
theprodigymovie,the prodigy movie
thesunisalsoastar,the sun is also a star
theupsidefilm,the upside film
tolkienmovie,tolkien movie
toystory,toy story
triplefrontier,triple frontier
uglydolls,uglydolls
underthesilverlake,under the silver lake
usmovie,us movie
whatmenwant,what men want
wonderparkmovie,wonder park movie
xmenmovies,xmen movies
yesterdaymovie,yesterday movie
