username,count
21bridgesmovie,77
47metersdown,51
abeautifuldaymovie,108
abominablemovie,132
adastramovie,109
adogsjourneymovie,212
aftermathmovie,51
aftermovie,27
ahiddenlifefilm,35
alitamovie,351
angelhasfallen,200
angrybirdsmovie,146
annabellemovie,319
annamovie,36
apollo11movie,120
arcticdogsmovie,35
arcticmovie,43
artofracingmovie,79
avengers,352
beachbummovie,121
bernadettefilm,133
blackandbluemovie,122
blackchristmas,45
blindedbythelightmovie,74
bombshellmovie,87
booksmart,170
breakthroughmovie,255
brianbanksmovie,95
brightburnmovie,95
brittanyrunsmov,66
captainmarvelofficial,234
captivestatemovie,81
catsmovie,42
charliesangels,141
childsplaymovie,120
clarathefilm,211
coldpursuitmovie,48
countdown,51
currentwarmovie,53
darkwatersmovie,54
detectivepikachumovie,194
disneyaladdin,149
disneyfrozen,500
disneymaleficent,171
doctorsleepmovie,70
dolemiteismyname,112
dontletgomovie,42
doramovie,39
downtonabbey_official,1007
dumbo,112
escaperoom,94
everybodyknowsmovie,89
fastandfuriousmovie,834
fightingwmyfam,124
fivefeetapartfilm,150
fordvferrari,114
freaksthefilm,137
geminimanmovie,71
glassmovie,116
gloriabellmovie,31
godzillamovie,149
goldfinchmovie,84
goodboysmovie,48
goodliarmovie,64
gretafilm,82
halathemovie,39
happydeathdaymovie,175
harrietfilm,85
hellboymovie,125
hersmellmovie,66
highlifemovie,32
highstrungmovie,2491
honeyboymovie,166
hotelmumbaifilm,55
httydragon,299
hustlemovie,146
hustlersmovie,179
isntitromantic,133
itmovieofficial,468
jayandsilentbob,1087
johnwickmovie,310
jojorabbitmovie,133
jokermovie,165
judythefilm,126
jumanjimovie,348
justmercyfilm,158
knivesout,127
lalloronamovie,91
lastblackmansf,50
lastchristmasthemovie,117
latenightmovie,124
lighthousemovie,51
lionking,92
littlethemovie,134
littlewomenmovie,192
littlewoodsfilm,43
longshotmovie,75
lordsofchaosmovie,49
lucyintheskyfilm,44
mamovie2019,101
marriagestory,86
meettheaddams,226
meninblack,157
midsommarmovie,52
midwaymovie,68
missbalamovie,112
missinglinkfilm,132
motherlessbklyn,80
onceinhollywood,98
onthebasisofsex,133
overcomermovie,138
peanutbutterfalcon,169
petsematarymovie,82
piercingmovie,46
playingwithfire,57
playmobilthemovie,51
pomsmovie,72
queenandslim,134
rambomovie,153
readyornotfilm,76
richardjewellfilm,34
rocketmanmovie,100
scarystoriesmovie,75
secretlifeofpets,533
serenityfilm,67
shaftmovie,96
shazammovie,195
spidermanmovie,833
spiesindisguise,108
starwars,3715
stormboymovie,50
stubermovie,89
taosdfilm,68
teenspiritmov,44
terminator,108
theaeronautsmov,65
thebestofenemies,71
thedeaddontdie,91
thefarewell,52
thehighwaymen,45
thehummingbirdprojectfilm,36
theintrudermovie,107
theirishmanfilm,57
thekitchenmovie,67
thelegomovie,279
themustangfilm,97
thenightingalefilm,20
theprodigymovie,106
thesunisalsoastar,119
theupsidefilm,144
tolkienmovie,78
toystory,103
triplefrontier,58
uglydolls,1161
uncutgems,73
underthesilverlake,22
usmovie,152
wavesmovie,67
whatmenwant,113
wonderparkmovie,92
wrinklestheclown,69
xmenmovies,1321
yardiefilm,47
yesterdaymovie,105
zombieland,147
