movie,filename
21bridgesmovie,88
47metersdown,72
abeautifuldaymovie,129
abominablemovie,159
adastramovie,145
adogsjourneymovie,253
aftermathmovie,65
aftermovie,42
ahiddenlifefilm,35
alitamovie,458
angelhasfallen,227
angrybirdsmovie,241
annabellemovie,453
annamovie,50
apollo11movie,120
arcticdogsmovie,40
arcticmovie,51
artofracingmovie,99
avengers,647
beachbummovie,126
bernadettefilm,193
blackandbluemovie,145
blackchristmas,45
blindedbythelightmovie,101
bombshellmovie,123
booksmart,216
breakthroughmovie,348
brianbanksmovie,127
brightburnmovie,118
brittanyrunsmov,82
captainmarvelofficial,306
captivestatemovie,85
catsmovie,59
charliesangels,229
childsplaymovie,126
clarathefilm,249
coldpursuitmovie,59
countdown,59
currentwarmovie,70
darkwatersmovie,69
detectivepikachumovie,266
disneyaladdin,234
disneyfrozen,605
disneymaleficent,251
doctorsleepmovie,82
dolemiteismyname,120
dontletgomovie,42
doramovie,41
downtonabbey,1124
dumbo,187
escaperoom,100
everybodyknowsmovie,128
fastandfuriousmovie,853
fightingwmyfam,178
fivefeetapartfilm,157
fordvferrari,150
freaksthefilm,152
geminimanmovie,97
glassmovie,136
gloriabellmovie,36
godzillamovie,201
goldfinchmovie,109
goodboysmovie,55
goodliarmovie,81
gretafilm,89
halathemovie,46
happydeathdaymovie,189
harrietfilm,120
hellboymovie,181
hersmellmovie,70
highlifemovie,32
highstrungmovie,2621
honeyboymovie,375
hotelmumbaifilm,66
httydragon,354
hustlemovie,213
hustlersmovie,235
isntitromantic,147
itmovieofficial,549
jayandsilentbob,1167
johnwickmovie,381
jojorabbitmovie,190
jokermovie,267
judythefilm,160
jumanjimovie,438
justmercyfilm,284
knivesout,191
lalloronamovie,130
lastblackmansf,108
lastchristmasthemovie,162
latenightmovie,159
lighthousemovie,56
lionking,124
littlethemovie,172
littlewomenmovie,311
littlewoodsfilm,45
longshotmovie,92
lordsofchaosmovie,49
lucyintheskyfilm,63
mamovie2019,118
marriagestory,143
meettheaddams,309
meninblack,189
midsommarmovie,95
midwaymovie,114
missbalamovie,141
missinglinkfilm,162
motherlessbklyn,129
onceinhollywood,148
onthebasisofsex,197
overcomermovie,139
peanutbutterfalcon,253
petsematarymovie,95
piercingmovie,59
playingwithfire,57
playmobilthemovie,58
pomsmovie,78
queenandslim,152
rambomovie,192
readyornotfilm,94
richardjewellfilm,55
rocketmanmovie,140
scarystoriesmovie,81
secretlifeofpets,559
serenityfilm,73
shaftmovie,132
shazammovie,252
spidermanmovie,978
spiesindisguise,134
starwars,4694
stormboymovie,63
stubermovie,112
taosdfilm,76
teenspiritmov,52
terminator,149
theaeronautsmov,81
thebestofenemies,91
thedeaddontdie,111
thefarewell,120
thehighwaymen,77
thehummingbirdprojectfilm,45
theintrudermovie,131
theirishmanfilm,130
thekitchenmovie,74
thelegomovie,326
themustangfilm,107
thenightingalefilm,22
theprodigymovie,111
thesunisalsoastar,172
theupsidefilm,146
tolkienmovie,106
toystory,165
triplefrontier,68
uglydolls,1248
uncutgems,129
underthesilverlake,22
usmovie,174
wavesmovie,84
whatmenwant,155
wonderparkmovie,106
wrinklestheclown,76
xmenmovies,1469
yardiefilm,93
yesterdaymovie,132
zombieland,186
